project_name,developer,location,status,scale,estimated_delivery,source_url,notes
Crystal Avenue,UET Construction (EPC/co-developer) + AL-BINA Development (sales & marketing partner) + IMAN Holding (financing partner),"District 1, New Tashkent",En construcción / En venta (Fase 2 de ventas abierta),"12 plantas, 212 residencias, posicionamiento business-class / ""smart luxury""",Ventas de Fase 1 lanzadas 6 dic 2025; Fase 2 abierta poco después; presentación oficial en obra 29 nov 2025. Fecha de entrega de obra no publicada.,https://crystal-avenue.uz/ ; https://www.gazeta.uz/ru/2025/12/01/crystal-avenue/ ; https://uetconstruction.com/,"Re-verificado en esta pasada (pass 3). El proyecto más avanzado y mejor documentado de New Tashkent. Se presenta como ""el avenue principal de la nueva capital"". Ubicado en el Distrito 1, el clúster de crecimiento clave de New Tashkent. 20.000 ha totales / 2,5M habitantes proyectados para todo New Tashkent, según la propia web del proyecto."
"Ostona (distrito ""Astana"")","BI Group (developer kazajo, en asociación con Murad Buildings)",New Tashkent (dentro de la zona de primera fase de 6.000 ha),En construcción (lanzado nov 2025),"10,5 ha (fase 1), 3.162 apartamentos planeados, inversión total $200M, 25.660 m² área de construcción (cifra de fase 1)",Ceremonia de inicio de obra 15 nov 2025; sin fecha pública de finalización,https://www.spot.uz/oz/2025/11/15/new-tashkent ; https://bi.group/en/news/bi-group-nachinaet-stroitelstvo-kvartala-astana-v-novom-tashkente,"Confirmado en esta pasada que BI Group trabaja en asociación con Murad Buildings (MBC) en la construcción de viviendas en Tashkent, reforzando la credibilidad de ejecución de este proyecto."
Sharq Bahori (Fase 1 y Fase 2),"Sharq Bahori / Sharq Development Group (nombre del developer coincide con el del proyecto; logo propio destacado en la cabecera del sitio oficial de la Dirección de New Tashkent, sugiriendo estatus de proyecto insignia)","Centro de New Tashkent, a ambos lados de los edificios ministeriales; ~100m de una estación de metro planificada",En construcción,"ACTUALIZADO esta pasada: 1,8 millones de m² de superficie construida total, 260 bloques, 13.879 unidades residenciales + 1.121 locales comerciales, 100.000 m² de zonas verdes. Modelo ""ciudad de 15 minutos"", 100% infraestructura inteligente y 100% energía renovable (según fuente oficial).","Sin fecha de entrega explícita publicada. Actualización oficial de obra (30 dic 2025): 'Sharq Bahori: 1,8 millones de m² de trabajos de construcción' en curso.",https://sharqbahoriuylari.com/ ; https://www.spot.uz/ru/2025/12/15/sharq-bahori/ ; https://newtashkent.uz/construction.html,"Descrito como el primer gran complejo residencial de New Tashkent (""la махалля central""). Acabados mencionados: parquet laminado, cerámica, carpintería de estándar alemán, aislamiento XPS. Datos de escala ampliados sustancialmente en esta pasada respecto a la pasada 2."
Centro Internacional de Investigación Científica Alisher Navoi,Zaha Hadid Architects (diseño); cliente/promotor institucional no confirmado con nombre propio,"New Tashkent, distrito cultural",Anunciado / En diseño,"Complejo cultural-educativo que integra museo de literatura, centro de investigación, escuela musical y auditorio","""Срок уточняется"" (plazo por confirmar), según el catálogo oficial de proyectos de newtashkent.uz",https://newtashkent.uz/project.html?type=architecture&id=navoi ; https://www.zaha-hadid.com/,Confirmado en el catálogo oficial de proyectos arquitectónicos de New Tashkent (newtashkent.uz) como proyecto sin cronograma confirmado todavía.
Sarbon,Murad Buildings (MBC),New Tashkent,Anunciado (fase de early-access / teaser de ventas),"No publicada (landing de acceso anticipado sin unidades, superficie ni plano de conjunto detallado)",No determinable,https://www.mbc.uz/en/teaser/sarbon ; https://mbc.uz/en,"NUEVO hallazgo de esta pasada. Murad Buildings es un developer-contratista de Tashkent muy consolidado (16-22 años en el mercado, 4.000+ proyectos, 700.000+ m² de área de proyecto, incluye 'Nest One', el primer rascacielos de Uzbekistan). Sarbon es su primer proyecto explícitamente anunciado dentro de New Tashkent."
Markaz Yangi Toshkent,Markaz Group,"New Tashkent, cerca del centro de desarrollo (""Yangi Toshkent rivojlanish markazi"")",Anunciado / En venta (fase de comercialización temprana),"Complejo residencial familiar de posicionamiento comfort: patios sin coches, parques infantiles, zonas deportivas, parking subterráneo y en superficie, locales comerciales en planta baja. Superficie total y nº de unidades no publicados.",No determinable,https://markazgroup.uz/uz,"NUEVO hallazgo de esta pasada. Posicionamiento comfort/familiar, no premium (a diferencia de Crystal Avenue). Contacto de ventas vía Telegram @markaztoshkent."
Toshkent Plaza (complejo comercial y de negocios),"""Choice Nova TAN"" LLC (cliente/promotor); TAN GROUP como contratista general","Tashkent (ubicación exacta respecto al límite administrativo de New Tashkent NO confirmada; posiblemente Tashkent ciudad, no distrito de New Tashkent)",En construcción,"Complejo comercial y de negocios de gran escala, multi-torre; TAN GROUP actuó como ""socio principal"" en la ejecución del contrato general",2024-2026 (periodo de ejecución del contrato general declarado por TAN GROUP),https://tangroup.uz/ru/project/toshkent-plaza,"NUEVO hallazgo de esta pasada. Incluido bajo el criterio de ""desarrollo de escala equivalente"" del brief, pero con advertencia expresa: no se ha podido confirmar de forma independiente que el emplazamiento esté dentro del perímetro administrativo de New Tashkent (podría ser Tashkent ciudad). Verificar ubicación antes de usar en outreach específico de New Tashkent."
Tashkent Arena (estadio),Dirección de Construcción de New Tashkent (promotor institucional); arquitecto: Bahadir Kul Architects,"New Tashkent, infraestructura deportiva",En construcción (65% completado a 27.07.2026),"Estadio de fútbol cubierto de 55.000 espectadores, 6 plantas, 3 campos de entrenamiento, 45.500 plazas de aparcamiento; sede prevista de semifinal y final del Mundial Sub-20 de 2027 (FIFA)",Cimentación al 95% en marzo 2026; 65% de avance general a 27.07.2026; objetivo de uso: Mundial Sub-20 2027,https://newtashkent.uz/project.html?type=architecture&id=arena ; https://president.uz/ru/lists/view/9457,"NUEVO hallazgo de esta pasada, vía catálogo oficial de proyectos arquitectónicos de newtashkent.uz. Primera piedra: 11 nov 2025."
Biblioteca Nacional de Uzbekistán,Dirección de Construcción de New Tashkent (promotor institucional),"New Tashkent, distrito educativo/cultural",En construcción (90% completado a 27.07.2026),"Más de 30.000 m², salas de lectura, bases de datos digitales y espacios públicos",90% de avance a 27.07.2026; entrega inminente,https://newtashkent.uz/project.html?type=architecture&id=national-library ; https://newtashkent.uz/construction.html,NUEVO hallazgo de esta pasada.
Campus Universidad Nizami (Universidad Pedagógica Nacional),Dirección de Construcción de New Tashkent (promotor institucional),"New Tashkent, clúster educativo","En construcción (acabados finales, julio 2026)","Campus universitario integral: docencia, investigación, residencia de estudiantes, deporte y cultura",Acabados finales en curso a julio 2026,https://newtashkent.uz/project.html?type=architecture&id=nizami,NUEVO hallazgo de esta pasada.
Complejo del Ministerio de Energía,Dirección de Construcción de New Tashkent (promotor institucional) / Ministerio de Energía de Uzbekistán,"New Tashkent, zona administrativa","Anunciado (fase de concepto, abril 2026)","Conjunto administrativo con torre de gran altura, cuerpos de trabajo alargados, entrada principal monumental y urbanización de la parcela",No determinable (fase de concepto),https://newtashkent.uz/project.html?type=architecture&id=energy-ministry,NUEVO hallazgo de esta pasada.
Fuente musical (espacio público central),Dirección de Construcción de New Tashkent (promotor institucional),"New Tashkent, espacio público central",Anunciado (proyecto presentado 24.03.2026),"Gran complejo de fuente con pantalla de agua circular, iluminación, música y nivel técnico subterráneo",No determinable,https://newtashkent.uz/project.html?type=architecture&id=musical-fountain,NUEVO hallazgo de esta pasada.
Marjon,No determinable (concepto de masterplan de la Dirección de New Tashkent; sin developer privado asignado públicamente aún),"New Tashkent, zona oeste de la estructura urbana central","Anunciado (fase de concepto, junio 2026)","Distrito residencial y parque paisajístico de 41 ha; 451.000 m² superficie total (360.800 m² vivienda + 90.200 m² comercio/servicios); 4.200 plazas de aparcamiento; FAR 1,1",No determinable (fase de concepto),https://newtashkent.uz/project.html?type=investment&id=marjon,"NUEVO hallazgo de esta pasada. Parque central con lámina de agua, anfiteatro y puentes peatonales como eje del distrito."
Xonayvon,No determinable (concepto de masterplan de la Dirección de New Tashkent; sin developer privado asignado públicamente aún),New Tashkent,"Anunciado (fase de concepto, junio 2026)","Complejo residencial compacto de 4,6 ha; 92.000 m² superficie total (73.600 m² vivienda + 18.400 m² comercio/servicios); 900 plazas de aparcamiento; FAR 2,0",No determinable (fase de concepto),https://newtashkent.uz/project.html?type=investment&id=xonayvon,NUEVO hallazgo de esta pasada. Arquitectura de fachada curva con balcones profundos y terrazas ajardinadas; comercio activo en planta baja.
Tashkent Metropolis,No determinable (concepto de masterplan de la Dirección de New Tashkent; sin developer privado asignado públicamente aún),New Tashkent,Anunciado (fase de concepto; cifras pendientes de confirmación entre dos versiones del material oficial),"Distrito multifuncional de 22 ha; versión detallada (5 jun 2026): 27 bloques, 834.478 m² superficie total, 4 fases; versión de resumen posterior (13 jun 2026): 1.100.000 m² superficie total (880.000 m² vivienda + 220.000 m² comercio/servicios), 3.571 plazas de aparcamiento -- ambas cifras coexisten sin confirmar cuál prevalece",No determinable (fase de concepto),https://newtashkent.uz/project.html?type=investment&id=metropolis,NUEVO hallazgo de esta pasada. Estructura inspirada en la махалля tradicional a escala urbana más densa.
Hashamat,No determinable (concepto de masterplan de la Dirección de New Tashkent; sin developer privado asignado públicamente aún),New Tashkent,"Anunciado (fase de concepto, junio 2026)","Barrio residencial de baja densidad de 8,9 ha, estilo clásico (arcos, columnas, cúpulas); 89.000 m² superficie total (80.100 m² vivienda + 8.900 m² comercio/servicios); 1.000 plazas de aparcamiento; FAR 1,0",No determinable (fase de concepto),https://newtashkent.uz/project.html?type=investment&id=hashamat,NUEVO hallazgo de esta pasada.
Complejo Administrativo - Lote 71,No determinable (concepto de masterplan de la Dirección de New Tashkent; sin developer privado asignado públicamente aún),New Tashkent,"Anunciado (fase de concepto, sin nombre definitivo -- identificado solo por número de lote)","Referente administrativo en altura con cuerpos públicos alargados, sala circular y eje peatonal central. Funciones y superficies exactas no publicadas.",No determinable (fase de concepto),https://newtashkent.uz/project.html?type=investment&id=lot-71,NUEVO hallazgo de esta pasada.
Yangi Saroy,"""Gold Step"" (nombre de la empresa según anuncio de venta abierto; NO confirmado por la Dirección de New Tashkent como developer oficial)","New Tashkent, cerca de la zona central","En construcción (según información del vendedor, no oficial)","Complejo residencial de 9 plantas; ejemplo publicado de apartamento de 2 habitaciones de 41,1 m²; estructura monolítica con cerramiento de ladrillo","Finales de 2026 (dato del vendedor, no confirmado oficialmente)",https://newtashkent.uz/project.html?type=investment&id=yangi-saroy,"NUEVO hallazgo de esta pasada. La propia Dirección de New Tashkent señala expresamente en su ficha oficial que NO existe pasaporte de proyecto público, superficie total, número de unidades ni cronograma aprobado -- todos los datos proceden de un anuncio comercial abierto, no de fuente oficial verificada. Tratar con cautela."
Edificio Administrativo de la Dirección de New Tashkent (sede),Dirección de Construcción de New Tashkent (cliente); arquitecto: ANK Memor LLC (Akhmedov Nozimjon),New Tashkent,Entregado,"15.000 m²; sede administrativa central de la Dirección de New Tashkent, con fachadas de arcos y ornamentación de estilo nacional contemporáneo",Completado el 20 de diciembre de 2024,https://awards.share-architects.com/projects/administrative-building-new-tashkent-uzbekistan/,"NUEVO hallazgo de esta pasada. Es el único edificio de esta lista ya ENTREGADO y en uso; sirve como sede de la propia Dirección y lugar de recepción de delegaciones nacionales e internacionales. Diseñado por un estudio local (no extranjero), a diferencia de la mayoría de proyectos icónicos de New Tashkent."
Puente y nudo de transporte sobre el río Chirchik,Dirección de Construcción de New Tashkent (promotor institucional),"New Tashkent, junto a una estación de metro y aparcamiento combinado",En construcción,Primera fase de un nuevo puente sobre el río Chirchik junto a nudo de transporte con estación de metro y parking combinado; parte de un plan de 14 túneles y 100.000 plazas de aparcamiento subterráneo a escala de toda la ciudad,Primera fase iniciada según actualización oficial del 30 dic 2025,https://newtashkent.uz/construction.html ; https://www.spot.uz/ru/2024/12/28/infrastructure/,"NUEVO hallazgo de esta pasada. Parte de la infraestructura de transporte ""ecológica"" de New Tashkent (metro + autobuses eléctricos interconectados)."